human_request,assistant_utterance
ask my aunt if she can go to the JDRF walk with me on October 6,Can you go to the JDRF walk with me on October 6?
tell Maya the dentist moved her appointment to Friday at 3,Your dentist moved your appointment to Friday at 3.
ask dad if he can pick me up from the airport on Sunday,Can you pick me up from the airport on Sunday?
let Priya know I will be ten minutes late to the meeting,I will be ten minutes late to the meeting.
remind Sam to bring the project report tomorrow,Please remember to bring the project report tomorrow.
ask Elena whether she wants to have lunch at noon,Do you want to have lunch at noon?
tell my brother the package arrived this morning,Your package arrived this morning.
ask the landlord when the heater will be fixed,When will the heater be fixed?
invite Carlos to my birthday dinner on the 14th,Would you like to come to my birthday dinner on the 14th?
tell grandma I called but she did not pick up,I called but you did not pick up.
ask Tara if she can cover my shift on Saturday,Can you cover my shift on Saturday?
let the team know the deadline was extended to Monday,The deadline was extended to Monday.
ask Jordan if he is still coming to the hiking trip,Are you still coming to the hiking trip?
tell Mom I will be home late tonight,I will be home late tonight.
ask Nina to send me the notes from class,Can you send me the notes from class?
remind Leo that the rent is due on the first,Remember that the rent is due on the first.
ask my manager if I can work from home on Wednesday,Can I work from home on Wednesday?
tell Ravi the movie starts at 7 not 8,"The movie starts at 7, not 8."
ask Hana if she needs a ride to the concert,Do you need a ride to the concert?
let Omar know the meeting room changed to B12,The meeting room changed to B12.
ask Sofia what time the train leaves,What time does the train leave?
tell the neighbors we are having a party on Saturday,We are having a party on Saturday.
ask Ben to water my plants while I am away,Could you water my plants while I am away?
remind Alice her flight departs at 6 in the morning,Your flight departs at 6 in the morning.
ask Kofi if he can help me move this weekend,Can you help me move this weekend?
tell Dana the report has been approved,Your report has been approved.
ask Mei whether she has finished the slides,Have you finished the slides?
tell my sister happy birthday and that I will call tonight,Happy birthday! I will call you tonight.
ask Victor to book a table for four at eight,Could you book a table for four at eight?
let Ines know the class was cancelled today,Today's class was cancelled.
ask Tom where he parked the car,Where did you park the car?
tell Zara the library closes early on Friday,The library closes early on Friday.
ask Arjun if he wants to join the study group,Do you want to join the study group?
remind Chloe to submit the form before noon,Please submit the form before noon.
ask my cousin if she is coming to the wedding in June,Are you coming to the wedding in June?
tell Luca the bus is delayed by twenty minutes,The bus is delayed by twenty minutes.
ask Fatima if she can review my draft tonight,Can you review my draft tonight?
let the class know the exam is on the 20th,The exam is on the 20th.
ask Noah whether he wants coffee or tea,Would you like coffee or tea?
tell Amara the keys are under the mat,The keys are under the mat.
ask Diego to turn the music down a little,Could you turn the music down a little?
